{
  "name": "AML_FLOW",
  "maintainer": {
    "name": "Mohamed Zied El Arbi",
    "email": "medzied.arbi@gmail.com"
  },
  "flow_cfg": {
  },
  "entry_point": "S1",
  "tasks": [
    {
      "marker": "S1",
      "class_name": "ParametersSerialization",
      "description": "This task will allow the user to perform xxxx",
      "cached": true,
      "task_cfg": {},
      "sub_tasks": [
        {
          "class_name": "LoadingParameters",
          "description": "This task will allow the user to perform xxxx",
          "cached": true,
          "marker": "S1_1",
          "task_cfg": {},
          "slots": {
            "custom_slots": [
            ],
            "on_success": "S1_2",
            "on_failure": "end"
          }
        },
        {
          "class_name": "InsertingActimizeParameters",
          "description": "This task will allow the user to perform xxxx",
          "cached": true,
          "marker": "S1_2",
          "task_cfg": {},
          "slots": {
            "custom_slots": [
            ],
            "on_success": "S1_3",
            "on_failure": "end"
          }
        },
        {
          "class_name": "ExtractingThresholds",
          "description": "This task will allow the user to perform xxxx",
          "cached": true,
          "marker": "S1_3",
          "task_cfg": {},
          "slots": {
            "custom_slots": [
            ],
            "on_success": "end",
            "on_failure": "end"
          }
        }
      ],
      "slots": {
        "custom_slots": [
        ],
        "on_success": "S2",
        "on_failure": "end"
      }
    },
    {
      "marker": "S2",
      "class_name": "InputsSerialization",
      "description": "This task will allow the user to perform xxxx",
      "cached": true,
      "task_cfg": {},
      "sub_tasks": [
        {
          "class_name": "LoadingThresholds",
          "description": "This task will allow the user to perform xxxx",
          "cached": true,
          "marker": "S2_1",
          "task_cfg": {},
          "slots": {
            "custom_slots": [
            ],
            "on_success": "S2_2",
            "on_failure": "end"
          }
        },
        {
          "class_name": "SerializingTransactions",
          "description": "This task will allow the user to perform xxxx",
          "cached": true,
          "marker": "S2_2",
          "task_cfg": {},
          "slots": {
            "custom_slots": [
            ],
            "on_success": "S2_3",
            "on_failure": "end"
          }
        },
        {
          "class_name": "SerializingAlerts",
          "description": "This task will allow the user to perform xxxx",
          "cached": true,
          "marker": "S2_3",
          "task_cfg": {},
          "slots": {
            "custom_slots": [
            ],
            "on_success": "S2_4",
            "on_failure": "end"
          }
        },
        {
          "class_name": "SerializingItAlerts",
          "description": "This task will allow the user to perform xxxx",
          "cached": true,
          "marker": "S2_4",
          "task_cfg": {},
          "slots": {
            "custom_slots": [
            ],
            "on_success": "end",
            "on_failure": "end"
          }
        }
      ],
      "slots": {
        "custom_slots": [
        ],
        "on_success": "S3",
        "on_failure": "end"
      }
    },
    {
      "marker": "S3",
      "class_name": "BusinessUnitProcessing",
      "description": "This task will allow the user to perform xxxx",
      "cached": true,
      "task_cfg": {},
      "sub_tasks": [
        {
          "class_name": "RemovingDomesticDebitFromPayments",
          "description": "This task will allow the user to perform xxxx",
          "cached": true,
          "marker": "S3_1",
          "task_cfg": {},
          "slots": {
            "custom_slots": [
            ],
            "on_success": "S3_2",
            "on_failure": "end"
          }
        },
        {
          "class_name": "RemovingDomesticDebitFromPostings",
          "description": "This task will allow the user to perform xxxx",
          "cached": true,
          "marker": "S3_2",
          "task_cfg": {},
          "slots": {
            "custom_slots": [
            ],
            "on_success": "end",
            "on_failure": "end"
          }
        }
      ],
      "slots": {
        "custom_slots": [
        ],
        "on_success": "S4",
        "on_failure": "end"
      }
    },
    {
      "marker": "S4",
      "class_name": "FeatureEngineering",
      "description": "This task will allow the user to perform xxxx",
      "cached": true,
      "task_cfg": {},
      "sub_tasks": [
        {
          "class_name": "LoadingKycData",
          "description": "This task will allow the user to perform xxxx",
          "cached": true,
          "marker": "S4_1",
          "task_cfg": {},
          "slots": {
            "custom_slots": [
            ],
            "on_success": "S4_2",
            "on_failure": "end"
          }
        },
        {
          "class_name": "LoadingCrds",
          "description": "This task will allow the user to perform xxxx",
          "cached": true,
          "marker": "S4_2",
          "task_cfg": {},
          "slots": {
            "custom_slots": [
            ],
            "on_success": "S4_3",
            "on_failure": "end"
          }
        },
        {
          "class_name": "InjectingKyc",
          "description": "This task will allow the user to perform xxxx",
          "cached": true,
          "marker": "S4_3",
          "task_cfg": {},
          "slots": {
            "custom_slots": [
            ],
            "on_success": "S4_4",
            "on_failure": "end"
          }
        },
        {
          "class_name": "ComputingFeatures",
          "description": "This task will allow the user to perform xxxx",
          "cached": true,
          "marker": "S4_4",
          "task_cfg": {},
          "slots": {
            "custom_slots": [
            ],
            "on_success": "end",
            "on_failure": "end"
          }
        }
      ],
      "slots": {
        "custom_slots": [
        ],
        "on_success": "S5",
        "on_failure": "end"
      }
    },
    {
      "marker": "S5",
      "class_name": "Clustering",
      "description": "This task will allow the user to perform xxxx",
      "cached": true,
      "task_cfg": {},
      "sub_tasks": [
        {
            "class_name": "ComputeOrInjectClusters",
            "description": "This task will allow the user to perform xxxx",
            "cached": true,
            "marker": "S5_1",
            "task_cfg": {},
            "slots": {
              "custom_slots": [
                {
                  "name" : "compute_clusters",
                  "on_true" : "S5_2",
                  "on_false" : "S5_3"
                }
              ],
              "on_success": "end",
              "on_failure": "end"
            }
          },
          {
            "class_name": "ComputeClusters",
            "description": "This task will allow the user to perform xxxx",
            "cached": true,
            "marker": "S5_2",
            "task_cfg": {},
            "slots": {
              "custom_slots": [],
              "on_success": "end",
              "on_failure": "end"
            }
          },
          {
            "class_name": "InjectClusters",
            "description": "This task will allow the user to perform xxxx",
            "cached": true,
            "marker": "S5_3",
            "task_cfg": {},
            "slots": {
              "custom_slots": [],
              "on_success": "end",
              "on_failure": "end"
            }
          }
      ],
      "slots": {
        "custom_slots": [

        ],
        "on_success": "S6",
        "on_failure": "end"
      }
    },
    {
      "marker": "S6",
      "class_name": "GeneratingAlerts",
      "description": "This task will allow the user to perform xxxx",
      "cached": true,
      "task_cfg": {},
      "sub_tasks": [],
      "slots": {
        "custom_slots": [
        ],
        "on_success": "S7",
        "on_failure": "end"
      }
    },
    {
      "marker": "S7",
      "class_name": "GeneratingStatistics",
      "description": "This task will allow the user to perform xxxx",
      "cached": true,
      "task_cfg": {},
      "sub_tasks": [],
      "slots": {
        "custom_slots": [
        ],
        "on_success": "end",
        "on_failure": "end"
      }
    }
  ]
}